{
  "baseline_fk": {
    "thr": 3.7549230769230775,
    "errors": 9,
    "fp": 9,
    "fn": 0,
    "acc": 0.8524590163934426,
    "prec": 0.8043478260869565,
    "rec": 1.0,
    "f1": 0.891566265060241
  },
  "and_combos": [
    {
      "rule": "FK<= 3.75 AND ARI<= 4.45",
      "errors": 6,
      "fp": 6,
      "fn": 0,
      "acc": 0.9016393442622951,
      "prec": 0.8604651162790697,
      "rec": 1.0,
      "f1": 0.9249999999999999
    },
    {
      "rule": "FK<= 3.75 AND CL<= 5.95",
      "errors": 7,
      "fp": 7,
      "fn": 0,
      "acc": 0.8852459016393442,
      "prec": 0.8409090909090909,
      "rec": 1.0,
      "f1": 0.9135802469135803
    },
    {
      "rule": "FK<= 3.75 AND SMOG<= 6.81",
      "errors": 6,
      "fp": 5,
      "fn": 1,
      "acc": 0.9016393442622951,
      "prec": 0.8780487804878049,
      "rec": 0.972972972972973,
      "f1": 0.923076923076923
    },
    {
      "rule": "FK<= 3.75 AND DC<= 9.06",
      "errors": 9,
      "fp": 9,
      "fn": 0,
      "acc": 0.8524590163934426,
      "prec": 0.8043478260869565,
      "rec": 1.0,
      "f1": 0.891566265060241
    }
  ],
  "logreg_all_loocv": {
    "errors": 12,
    "fp": 7,
    "fn": 5,
    "acc": 0.8032786885245902,
    "prec": 0.8205128205128205,
    "rec": 0.8648648648648649,
    "f1": 0.8421052631578947
  },
  "logreg_fkari_loocv": {
    "errors": 8,
    "fp": 6,
    "fn": 2,
    "acc": 0.8688524590163934,
    "prec": 0.8536585365853658,
    "rec": 0.9459459459459459,
    "f1": 0.8974358974358975
  }
}