{
  "n": 61,
  "P": 37,
  "N": 24,
  "results": {
    "Flesch-Kincaid": {
      "auc": 0.8885135135135135,
      "thr": 3.7549230769230775,
      "errors": 9,
      "tp": 37,
      "fn": 0,
      "fp": 9,
      "tn": 15,
      "acc": 0.8524590163934426,
      "prec": 0.8043478260869565,
      "rec": 1.0,
      "f1": 0.891566265060241
    },
    "Dale-Chall": {
      "auc": 0.6599099099099099,
      "thr": 7.288428936540133,
      "errors": 19,
      "tp": 30,
      "fn": 7,
      "fp": 12,
      "tn": 12,
      "acc": 0.6885245901639344,
      "prec": 0.7142857142857143,
      "rec": 0.8108108108108109,
      "f1": 0.759493670886076
    },
    "Coleman-Liau": {
      "auc": 0.8716216216216216,
      "thr": 5.26915412338351,
      "errors": 8,
      "tp": 34,
      "fn": 3,
      "fp": 5,
      "tn": 19,
      "acc": 0.8688524590163934,
      "prec": 0.8717948717948718,
      "rec": 0.918918918918919,
      "f1": 0.8947368421052632
    },
    "ARI": {
      "auc": 0.8918918918918919,
      "thr": 4.454677125506075,
      "errors": 7,
      "tp": 37,
      "fn": 0,
      "fp": 7,
      "tn": 17,
      "acc": 0.8852459016393442,
      "prec": 0.8409090909090909,
      "rec": 1.0,
      "f1": 0.9135802469135803
    },
    "SMOG": {
      "auc": 0.8648648648648649,
      "thr": 6.805564151597998,
      "errors": 8,
      "tp": 36,
      "fn": 1,
      "fp": 7,
      "tn": 17,
      "acc": 0.8688524590163934,
      "prec": 0.8372093023255814,
      "rec": 0.972972972972973,
      "f1": 0.9
    }
  },
  "fk_only": {
    "tp": 32,
    "fn": 5,
    "fp": 4,
    "tn": 20,
    "acc": 0.8524590163934426,
    "prec": 0.8888888888888888,
    "rec": 0.8648648648648649,
    "f1": 0.8767123287671232,
    "errors": 9
  }
}